<?xml version="1.0" encoding="UTF-8"?>
<project-private xmlns="http://www.netbeans.org/ns/project-private/1">
    <editor-bookmarks xmlns="http://www.netbeans.org/ns/editor-bookmarks/2" lastBookmarkId="0"/>
    <open-files xmlns="http://www.netbeans.org/ns/projectui-open-files/2">
        <group>
            <file>file:/C:/Users/mojan/OneDrive/Documents/NetBeansProjects/ZKOUSKA_GRAF_PISMENA_JMEN/src/javaapplication2/JavaApplication2.java</file>
            <file>file:/C:/Users/mojan/OneDrive/Documents/NetBeansProjects/ZKOUSKA_GRAF_PISMENA_JMEN/src/javaapplication2/Auto.java</file>
            <file>file:/C:/Users/mojan/OneDrive/Documents/NetBeansProjects/ZKOUSKA_GRAF_PISMENA_JMEN/src/javaapplication2/FXMLController.java</file>
            <file>file:/C:/Users/mojan/OneDrive/Documents/NetBeansProjects/ZKOUSKA_GRAF_PISMENA_JMEN/src/javaapplication2/InputDController.java</file>
        </group>
    </open-files>
</project-private>
